id_rene,Layer,LAT,LON,country code,city__,country__,Name,,remarks,continent,Land,provincie
75,Conscious_communities,37.8845813,-4.7760138,ES,Córdoba,Spain,Córdoba,,,SOUTH AMERICA,Argentina,
514,Conscious_communities,38.440492,-122.714105,US,Santa Rosa,United States,Santa Rosa,,,SOUTH AMERICA,United States,La Pampa
36,Conscious_communities,-34.9964963,-64.9672817,AR,Rancul,Argentina,Eco yoga village outside of Argentina,,Hare Krishnas and farming,SOUTH AMERICA,Argentina,
76,Conscious_communities,-41.9649027,-71.5348197,AR,El Bolsón,Argentina,El Bolson,,,SOUTH AMERICA,Argentina,
451,Conscious_communities,-30.777933,-64.637126,AR,Capilla del Monte,Argentina,San Marcos Sierras,,,SOUTH AMERICA,Argentina,Córdoba
438,Conscious_communities,-21.699514,-64.621458,BO,Tarija,Bolivia,Calamuchita,,,,Argentinië,Córdoba
452,Conscious_communities,-30.857208,-64.52632,AR,Capilla del Monte,Argentina,Capilla del Monte,,(UFO) crazy people ,SOUTH AMERICA,Argentinië,Córdoba
273,Conscious_communities,-37.8142176,144.9631608,AU,Melbourne,Australia,Melbourne,,,,AUSTRALIA,
203,Conscious_communities,-28.3267617,153.3971541,AU,Murwillumbah,Australia,Murwillumbah,,"Krishna Village near Murwillumbah, NSW (Hare Krishna Community, Temple and Eco Yoga Retreat Center with possibility to volunteer for food, accomodation. Great vibe.)toelichting",,AUSTRALIA,
204,Conscious_communities,-24.7761086,134.755,AU,Alice Springs,Australia,Wat Buddha Dharma,,Mangrove mountains NSW Australia. Theravada Buddhist monetary. Intense meditation routine with lots of silence.toelichting,,AUSTRALIA,
241,Conscious_communities,-24.7761086,134.755,AU,Alice Springs,Australia,Earth Frequency Festival QLD,,,,AUSTRALIA,
244,Conscious_communities,-24.7761086,134.755,AU,Alice Springs,Australia,"Far north Queensland around Mossman, Daintree",,,,AUSTRALIA,
447,Conscious_communities,-28.548333,153.501111,AU,Brunswick Heads,Australia,Brunswick Heads,,Northern Rivers area in general (NSW),,Australië,Nieuw-Zuid-Wales 2482
448,Conscious_communities,-28.594046,153.222975,AU,Nimbin,Australia,Nimbin,,,,Australië,Nieuw-Zuid-Wales 2480
449,Conscious_communities,-28.648333,153.617778,AU,Byron Bay,Australia,Byron Bay,,,,Australië,Nieuw-Zuid-Wales 2481
33,Conscious_communities,51.3112589,3.1323429,BE,Blankenberge,Belgium,Blankenberghe,,"fine beaches and vegan friendly and yoga studios, hippie hangouts.",EUROPE,Belgium,
441,Conscious_communities,-22.971974,-43.1843,BR,Rio de Janeiro,Brazil,Copacabana,,,SOUTH AMERICA,Brasil,
439,Conscious_communities,-22.794007,-43.18841,BR,Rio de Janeiro,Brazil,Praia da Rosa,,,SOUTH AMERICA,Brazil,
49,Conscious_communities,38.4601765,-9.195120495540346,PT,Sesimbra,Portugal,Praia da Pipa,,North of brazil,SOUTH AMERICA,Brazil,
292,Conscious_communities,-14.2266964,-39.0060954,BR,Itacaré,Brazil,"Piracanga, Bahia",,,SOUTH AMERICA,Brazil,
431,Conscious_communities,-12.827727,-41.427712,BR,Vera Cruz,Brazil,Chapada Diamantina,,,SOUTH AMERICA,Brazil,Upland 
442,Conscious_communities,-23.401147,-45.001301,BR,Ubatuba,Brazil,Itamambuca Beach,,"yoga, vegan food, fresh fruits, surf, ayahuasca rituals, retreats…",SOUTH AMERICA,Brazil,
486,Conscious_communities,22.756817,-102.321713,MX,Trancoso,Mexico,Trancoso,,Bahia,SOUTH AMERICA,Brazil,Porto Seguro - Bahia
446,Conscious_communities,-27.5973,-48.54961,BR,Florianópolis,Brazil,Florianópolis,,,,Brazilië,Santa Catarina
345,Conscious_communities,-14.1312468,-47.5209318,BR,Cavalcante,Brazil,Alto Paraíso,,,,Brazilië,
430,Conscious_communities,-12.639166,-41.576256,BR,Seabra,Brazil,Caeté-Açu,,,,Brazilië,Palmeiras - Bahia
443,Conscious_communities,-23.433162,-45.083415,BR,Ubatuba,Brazil,Ubatuba,,Ubatuba - Itamambuca beach (yoga_ vegan food_ fresh fruits_ surf_ ayahuasca rituals_ retreats...),SOUTH AMERICA,Brazilië,São Paulo
444,Conscious_communities,-23.508137,-53.728537,BR,Altãnia,Brazil,Alto Paraíso,,,,Brazilië,Rondônia
260,Conscious_communities,10.631475,104.132637,KH,Kampot,Cambodia,Kampot,,"(no beach but has a lake where you can swim) such a sweet place, yoga and vegan restaurants. In Kampot try the playground, Pilgrims, Simple things",,Cambodia,
58,Conscious_communities,49.2608724,-123.113952,CA,Vancouver,Canada,Vancouver,,stay in Commercial Drive,NORTH AMERICA,Canada,
264,Conscious_communities,49.2694099,-123.155267,CA,West End,Canada,"Kitsilano, Vancouver",,,,Canada,
540,Conscious_communities,48.829667,-123.515161,CA,North Cowichan,Canada,Salt Spring Island,,,NORTH AMERICA,Canada,
543,Conscious_communities,49.261407,-123.261801,CA,West End,Canada,Wreck Beach,,"nude beach, not a community. Vacnouver",NORTH AMERICA,Canada,
457,Conscious_communities,-41.271085,173.283676,NZ,Nelson,New Zealand,Nelson,,"in the mountains, no sea. Beautiful ashram.",NORTH AMERICA,Canada,Brits-Columbia
48,Conscious_communities,61.0666922,-107.991707,CA,Fort Smith,Canada,Pandor island,,next to Salt Spring Island,NORTH AMERICA,Canada,
542,Conscious_communities,49.152964,-125.904708,CA,Tofino,Canada,Tofino,,"surf town, expensive",,Canada,Brits-Columbia
84,Conscious_communities,28.2935785,-16.621447121144122,ES,La Guancha,Spain,Tenerife,,,EUROPE,Canary Islands,
453,Conscious_communities,-33.553253,-70.582463,CL,Puente Alto,Chile,Valle de Elqui,,,SOUTH AMERICA,Chile,
456,Conscious_communities,-40.581228,-73.17812,CL,Osorno,Chile,Cajón del Maipo,,,SOUTH AMERICA,Chile,
440,Conscious_communities,-22.910832,-68.200138,CL,San Pedro de Atacama,Chile,San Pedro de Atacama,,,SOUTH AMERICA,Chili,Antofagasta
455,Conscious_communities,-39.273117,-71.97776,CL,Pucón,Chile,Pucón,,,,Chili,Araucanía
89,Conscious_communities,4.099917,-72.9088133,CO,Puerto López,Colombia,Finca sin fronteras,,Santa Marta,SOUTH AMERICA,Colombia,
437,Conscious_communities,-15.969457,-5.712944,SH,Jamestown,Saint Helena,Santa Helena,,,SOUTH AMERICA,Colombia,Medellín_ Antioquia
465,Conscious_communities,11.268184,-74.190815,CO,Santa Marta,Colombia,Taganga,,there was drug problems when I was there and didn't seem safe,SOUTH AMERICA,Colombia,Santa Marta_ Magdalena
480,Conscious_communities,17.092016,-88.611896,BZ,Belmopan,Belize,Santa Marta,,/ Parque Tayrona area Sierra Nevada where the Kogi tribe lives2,,Colombia,Magdalena
525,Conscious_communities,4.594612,-75.555564,CO,Salento,Colombia,Salento,,"stunning nature, ayahuasca community",SOUTH AMERICA,Colombia,Quindío
554,Conscious_communities,6.252594,-75.166883,CO,Guatapé,Colombia,Guatapé,,,SOUTH AMERICA,Colombia,Antioquia
98,Conscious_communities,10.2735633,-84.0739102,CR,La Virgen,Costa Rica,"Cauhita, Punta Uva",,,CENTRAL AMERICA,Costa Rica,
209,Conscious_communities,10.2735633,-84.0739102,CR,La Virgen,Costa Rica,Cauhita,,punta uva-costa ricatoelichting,,Costa Rica,
280,Conscious_communities,10.2735633,-84.0739102,CR,La Virgen,Costa Rica,Near Uvita,,,,Costa Rica,
461,Conscious_communities,10.454131,-84.009661,CR,La Virgen,Costa Rica,Puerto Viejo,,,CENTRAL AMERICA,Costa Rica,Puntarenas_ Lepanto
464,Conscious_communities,10.977686,123.152392,PH,Chambrey,Philippines,Santa Teresa Beach,,,CENTRAL AMERICA,Costa Rica,Puntarenas
508,Conscious_communities,37.347655,-108.626085,US,Cortez,United States,Montezuma,,,CENTRAL AMERICA,Costa Rica,Puntarenas
555,Conscious_communities,6.266563,-72.541311,CO,La Uvita,Colombia,Uvita,,,,Costa Rica,Puntarenas
558,Conscious_communities,8.668342,-82.798462,PA,Breñón,Panama,Dominical,,,CENTRAL AMERICA,Costa Rica,Puntarenas_ Savegre de Aguirre
559,Conscious_communities,9.625074,-82.620446,CR,Sixaola,Costa Rica,Punta Mona,,,,Costa Rica,
560,Conscious_communities,9.738481,-82.840763,PA,Barranco Adentro,Panama,Cahuita,,punta uva-costa rica,,Costa Rica,Limón
562,Conscious_communities,9.871429,-84.302626,CR,Santiago,Costa Rica,Tinamaste,,"vibrant thriving community, vortex of creativity but it's rainy",CENTRAL AMERICA,Costa Rica,
564,Conscious_communities,9.913432,-84.924778,CR,Paquera,Costa Rica,Solatara Healing Center,,- Costa Rica (London calling documentary),CENTRAL AMERICA,Costa Rica,
565,Conscious_communities,9.979955,-85.652837,CR,Sámara,Costa Rica,Nosara,,,,Costa Rica,Guanacaste
606,Shortlist,10.0348382,-85.706404,CR,Sámara,Costa Rica,Pacha Mama,,"it's a community in the dry jungle, close to Nosara, San Juanillo",CENTRAL AMERICA,Costa Rica,
99,Conscious_communities,45.3658443,15.6575209,HR,Vojnić,Croatia,Dalmatian coast,,,EUROPE,Croatia,
100,Conscious_communities,43.1837325,16.5972359,HR,Stari Grad,Croatia,Hvar island,,,EUROPE,Croatia,Dalmatian coast
552,Conscious_communities,55.686724,12.570072,DK,Copenhagen,Denmark,Kopenhagen,,Vrijstad Christiania,,Denemarken,
234,Conscious_communities,55.670249,10.3333283,DK,Otterup,Denmark,Christiania in Copenhagen,,,,Denmark,
528,Conscious_communities,40.068116,-2.134824,ES,Cuenca,Spain,Cuenca,,,,Ecuador,
429,Conscious_communities,-1.67744,-80.812349,EC,Paján,Ecuador,Ayampe,,,SOUTH AMERICA,Ecuador,
432,Conscious_communities,-12.901939,-73.207068,PE,Santa Ana,Peru,Vilcabamba,,Vilcabamba : Family friendly and safe. Tons of fresh fruits and veggies. Yoga and a nice community. Located in a sacred healing Valley with a beautiful river.,SOUTH AMERICA,Ecuador,
487,Conscious_communities,24.460334,-99.884448,MX,Iturbide,Mexico,Canoa,,yoga and surf,SOUTH AMERICA,Ecuador,
39,Conscious_communities,29.035,34.661667,EG,Nuwaybi‘a,Egypt,Nueiba,,"In the area of Nueiba you have Ras el Shitan that is famous. You have the town Dahab that is really fun and great. From there you can go by boat to Abu Galum, which is a very isolated beach but very special. Recommend season is Sep-Oct, or April-June.",AFRICA,Egypt,
52,Conscious_communities,28.4963633,34.5145652,EG,Dahab,Egypt,"Sinai, Dahab",,"Not so much Yoga, but beautiful snorkeling and desert and amazing energy.",AFRICA,Egypt,
190,Conscious_communities,28.4963633,34.5145652,EG,Dahab,Egypt,"Sinai, Dahab ",,,,Egypt,
200,Conscious_communities,26.2540493,29.2675469,EG,Al Khārijah,Egypt,Ras el Shitan,,"In the area of Nueiba you have Ras el Shitan that is famous. You have the town Dahab that is really fun and great. From there you can go by boat to Abu Galum, which is a very isolated beach but very special. Recommend season is sep-October, or April-June.toelichting",,Egypt,
492,Conscious_communities,28.496363,34.514565,EG,Dahab,Egypt,Dahab,,,,Egypte,Saint Catherine
185,Conscious_communities,52.1567263,12.5935216,DE,Bad Belzig,Germany,Zegg,,(community close to Berlin)toelichting,,Germany,
187,Conscious_communities,52.5170365,13.3888599,DE,Mitte,Germany,Berlin,,"(Kreuzberg, Neukölln, Friedrichshain areas)toelichting",,Germany,
70,Conscious_communities,39.3858103,20.1129375,GR,Lefkímmi,Greece,Corfu Island,,"Yoga retreats, ecstatic dance",EUROPE,Greece,
14,Alternatives_to_kpg,39.2645095,26.2777073,GR,Agía Paraskeví,Greece,Lesbos,,Osho Afros,EUROPE,Greece,
239,Conscious_communities,35.308495199999996,24.46334231842296,GR,Atsipópoulo,Greece,Crete,,,,Greece,
531,Conscious_communities,40.451154,25.585657,GR,Samothráki,Greece,Samothraki,,"really nice community there! Amazing ancient tree, hot spring and sea. Beware",EUROPE,Greece,
502,Conscious_communities,35.123553,33.293156,CY,Káto Defterá,Cyprus,Chalkis,,North part of Chalkida. There are communities there (yoga_ Detox_ permaculture).,EUROPE,Griekenland,Crete
503,Conscious_communities,35.157388,24.45663,GR,Atsipópoulo,Greece,Preveliklooster,,The old Hippie Island,EUROPE,Griekenland,
512,Conscious_communities,37.724369,23.493811,GR,Vathý,Greece,Aegina,,Aegina - no_ for families,,Griekenland,
520,Conscious_communities,39.169957,25.933736,GR,Eresós,Greece,Eresos,,,EUROPE,Griekenland,
524,Conscious_communities,39.591337,19.859619,GR,Virós,Greece,Korfoe,,Corfu Island (yoga retreats_ ecstatic dance),,Griekenland,
211,Conscious_communities,14.68014625,-91.18616099752487,GT,Santiago Atitlán,Guatemala,Lake Atitlan,,San Marcos,CENTRAL AMERICA,Guatemala,
493,Conscious_communities,29.882644,-97.940583,US,Geronimo,United States,San Marcos,,,,Guatemala,
37,Conscious_communities,37.872734,32.4924376,TR,Konya,Turkey,Kona,,"Hawaii, has an awesome community. They have yoga, drumming, circles, ecstatic dance, etc.",NORTH AMERICA,Hawaii,
483,Conscious_communities,20.802957,-156.310683,US,Kula,United States,Maui,,So beautiful! but very very expensive food and rent,,Hawaii,
210,Conscious_communities,11.0018115,76.9628425,IN,Coimbatore,India,Coimbatore,,Sadhgurus ashramtoelichting,,India,
332,Conscious_communities,25.3356491,83.0076292,IN,Varanasi,India,Varanasi,,,,India,
416,India,18.5204303,73.8567437,IN,Pune,India,Poona,,Meditatieclub van Osho,ASIA,India,
418,India,25.3176452,82.9739144,IN,Varanasi,India,Benares,,,ASIA,India,
420,India,26.9124336,75.7872709,IN,Jaipur,India,Jaipur,,,ASIA,India,
421,India,26.2389469,73.0243094,IN,Jodhpur,India,Jodhpur,,,ASIA,India,
426,India,27.1751448,78.0421422,IN,Agra,India,Taj Mahal,,,ASIA,India,
427,India,24.585445,73.712479,IN,Udaipur,India,Udaipur,,,ASIA,India,
498,Conscious_communities,32.214304,76.319672,IN,Dharamsala,India,Dharamsala,,up in the Himalayas where the Dalai Lama lives. Super shanti place_ yoga_ buddhist meditation center (Tushita),,India,Himachal Pradesh
108,Conscious_communities,32.26309405,77.18812183241408,IN,Manāli,India,Manali,,,ASIA,India,
250,Conscious_communities,14.5439629,74.3184418,IN,Gokarna,India,Gokarna,,,,India,
261,Conscious_communities,32.0104317,77.3166036,IN,Nagar,India,Kasol,,,,India,
304,Conscious_communities,22.3511148,78.6677428,IN,Jāmai,India,Pundicherry,,,,India,
334,Conscious_communities,10.216793,77.4847285,IN,Kodaikānāl,India,Vattakanal,,,,India,
336,Conscious_communities,27.5753726,77.6938045,IN,Vrindāvan,India,Vrindavan,,,,India,
338,Conscious_communities,10.303688000000001,-68.69984511211467,VE,San Felipe,Venezuela,Ya,,,,India,
422,India,10.8505159,76.2710833,IN,Cherpulassery,India,Kerala,,,ASIA,India,
423,India,26.4885822,74.5509422,IN,Pushkar,India,Pushkar,,,ASIA,India,
424,India,27.0238036,74.2179326,IN,Kuchera,India,Rajasthan,,,ASIA,India,
428,India,8.7378685,76.7163359,IN,Varkala,India,Varkala,,,ASIA,India,
469,Conscious_communities,12.005421,79.8111,IN,Auroville,India,Auroville,,,,India,Tamil Nadu
471,Conscious_communities,14.997108,74.033829,IN,Canacona,India,Patnem Beach,,still quiet (Goa),ASIA,India,
472,Conscious_communities,15.009308,74.024229,IN,Kānkon,India,Palolem Beach,,(Goa),ASIA,India,
473,Conscious_communities,15.3358,76.46102,IN,Hampi,India,Hampi,,,,India,Karnataka
474,Conscious_communities,15.350319,74.101782,IN,Curchorem,India,Goa,,too touristy_ also not safe,,India,
477,Conscious_communities,15.69097,73.703635,IN,Arambol,India,Arambol,,"too touristy, also not safe (Goa)",ASIA,India,
494,Conscious_communities,30.108654,78.291619,IN,Rishīkesh,India,Rishikesh,,although I’m hesitant to say it’s peaceful or safe. Maybe the Tapovan area. Auroville,,India,Uttarakhand
495,Conscious_communities,30.488531,79.625267,IN,Joshīmath,India,Tapovan,,(Osho community near Kathmandu),,India,Rishikesh_ Uttarakhand
109,Conscious_communities,-8.4939889,115.2654386,ID,Ubud,Indonesia,Ubud,,,ASIA,Indonesia,
110,Conscious_communities,-2.4833826,117.8902853,ID,Mamuju,Indonesia,The Nusas,,,ASIA,Indonesia,
172,Conscious_communities,-8.58356375,116.35808185429117,ID,Kopang Satu,Indonesia,Lombok,," (next to Bali, quieter)toelichting",,Indonesia,
285,Conscious_communities,5.0585562,95.389178,ID,Lamno,Indonesia,Nusa,,,,Indonesia,
328,Conscious_communities,-8.8016023,115.2312006,ID,Nusa Dua,Indonesia,"Uluwatu, Bali",,,,Indonesia,
354,Conscious_communities,30.176442,35.016722,JO,Ar Rīshah,Jordan,Desert Ashram,,,,Israel,
357,Conscious_communities,31.236913,34.422839,PS,Khuzā‘ah,Palestinian Territory,Garin Harel - גרעין הראל,,,,Israel,
382,One_specific_location_camping_center,32.9729728,35.2160224,IL,Kafir Yasif,Israel,Adama Ecovillage אדמה,,,,Israel,
530,Conscious_communities,40.262824,17.898418,IT,Porto Cesareo,Italy,Porto Cesareo,,,EUROPE,Italië,Lecce
112,Conscious_communities,40.9623396,8.1988519,IT,Stintino,Italy,Valle della Luna,,,EUROPE,Italy,
113,Conscious_communities,40.0912813,9.0305773,IT,Austis,Italy,Sardegna,,,EUROPE,Italy,
450,Conscious_communities,-3.150739,39.675072,KE,Malindi,Kenya,Kilifi,,,AFRICA,Kenia,Mombasa
114,Conscious_communities,-3.15073925,39.67507159193717,KE,Malindi,Kenya,"Kilifi, ",,,,Kenya,
351,Conscious_communities,-14.0152408,34.8507927,MW,Monkey Bay,Malawi,Cape Maclear,,,,Malawi,
291,Conscious_communities,5.91574635,102.71964491129607,MY,Kuala Besut,Malaysia,Perhentian Island,,,,Malaysia,
251,Conscious_communities,36.0467778,14.25825649123654,MT,Xagħra,Malta,Gozo,,,,Malta,
497,Conscious_communities,30.841899,-9.819964,MA,Tamri,Morocco,Imsouane,,Guter surfspot,,Marokko,
293,Conscious_communities,20.6308643,-87.0779503,MX,Playa del Carmen,Mexico,Playa del Carmen,,,,Mexico,
479,Conscious_communities,16.683547,-92.615518,MX,San Cristóbal de las Casas,Mexico,San Cristóbal de las Casas,,,,Mexico,Chiapas
47,Conscious_communities,15.6631437,-96.5205344,MX,Santa María Tonameca,Mexico,Zipolite,,next to Mazunte,NORTH AMERICA,Mexico,
475,Conscious_communities,15.662144,-96.512976,MX,Santa María Tonameca,Mexico,Playa Zipolite,,,,Mexico,
476,Conscious_communities,15.667588,-96.553655,MX,Santa María Tonameca,Mexico,Mazunte,,,NORTH AMERICA,Mexico,Oaxaca
478,Conscious_communities,15.869333,-97.072643,MX,Puerto Escondido,Mexico,Puerto Escondido,,,,Mexico,Oaxaca
481,Conscious_communities,18.75,-99.0,MX,Olintepec,Mexico,Morelos,,,,Mexico,
482,Conscious_communities,18.991496,-99.102545,MX,Tepoztlán,Mexico,Tepoztlán,,near Mexico City,NORTH AMERICA,Mexico,
484,Conscious_communities,20.868926,-105.440702,MX,Corral del Risco (Punta de Mita),Mexico,Sayulita,,,NORTH AMERICA,Mexico,Nayarit
609,Shortlist,20.2114185,-87.4653502,MX,Tulum,Mexico,Tulum Pueblo,,(some parts),,Mexico,
262,Conscious_communities,1.4419683,38.4313975,KE,Marsabit,Kenya,Kenya,,,,Morocco,
496,Conscious_communities,30.544722,-9.709128,MA,Taghazout,Morocco,Taghazout,,,AFRICA,Morocco,
534,Conscious_communities,42.33053,9.415112,FR,Cervione,France,Tofo,,,AFRICA,Mozambique,
371,Conscious_communities,28.2095831,83.9855674,NP,Pokhara,Nepal,Pokhara,,lake side,ASIA,Nepal,
183,Conscious_communities,-41.5000831,172.8344077,NZ,Wakefield,New Zealand,Kawai pura pura,,", New Zealand. Near Auckland. Yoga community",,NEW ZEALAND,
63,Conscious_communities,13.1303252,-84.1248894,NI,La Cruz de Río Grande,Nicaragua,South coast Nicaragua,,,CENTRAL AMERICA,Nicaragua,
466,Conscious_communities,11.361771,15.190144,TD,Guelendeng,Chad,Balgue on Ometepe,,,CENTRAL AMERICA,Nicaragua,
467,Conscious_communities,11.475207,-85.540671,NI,Altagracia,Nicaragua,InanItah,,,CENTRAL AMERICA,Nicaragua,
468,Conscious_communities,11.498308,-85.625452,NI,Altagracia,Nicaragua,Ometepe,,Bewoond eiland met twee vulkanen,,Nicaragua,Rivas
124,Conscious_communities,9.3040623,-82.12848154978464,PA,Isla Bastimentos,Panama,Bocas del Toro,,,CENTRAL AMERICA,Panama,
557,Conscious_communities,7.265326,-80.486565,PA,Cambutal,Panama,Cambutal,,,,Panama,
29,Conscious_communities,-6.8699697,-75.0458515,PE,Orellana,Peru,"Sacred valley near Cusco, Pisac",,check out my blog about it,SOUTH AMERICA,Peru,
459,Conscious_communities,-7.847686,-75.017824,PE,Nueva Requena,Peru,Pahoyan,,,,Peru,
433,Conscious_communities,-13.22928,-72.264668,PE,Ollantaytambo,Peru,Urubamba,,,,Peru,
434,Conscious_communities,-13.388385,-71.82642,PE,Pisac,Peru,Písac,,,,Peru,
335,Conscious_communities,13.5498206,121.07583852654,PH,Ilihan,Philippines,"Verde Islands, Batangas",,,,Philippines,
301,Conscious_communities,9.7391661,118.759057,PH,Puerto Princesa,Philippines,"Puerto princesa, palawan",,,,Philippines,
131,Conscious_communities,-0.936423,-48.280254,BR,Vigia,Brazil,Colares,,,EUROPE,Portugal,
276,Conscious_communities,37.3179725,-8.5558655,PT,Monchique,Portugal,Monchique,,,,Portugal,
344,Conscious_communities,37.31657,-8.7992645,PT,Aljezur,Portugal,Aljezur,,,EUROPE,Portugal,
412,Festivals,39.976314,-7.180722,PT,Idanha-a-Nova,Portugal,Boom Festival,,,,Portugal,
507,Conscious_communities,37.042143,-8.895396,PT,Vila do Bispo,Portugal,Praia do Barranco,,,EUROPE,Portugal,
509,Conscious_communities,37.433225,-8.770199,PT,São Teotónio,Portugal,Odeceixe,,,EUROPE,Portugal,
510,Conscious_communities,37.540858,-8.767857,PT,São Teotónio,Portugal,Zambujeira do Mar,,,EUROPE,Portugal,
511,Conscious_communities,37.714283,-8.51493,PT,Odemira,Portugal,Tamera,,Biotopo de Cura1,EUROPE,Portugal,
517,Conscious_communities,38.83556,-9.352225,PT,Pero Pinheiro,Portugal,Sintra,,,EUROPE,Portugal,
566,Portugal_ecovillages,40.791109,-7.883833,PT,Campo,Portugal,Aldeia de Cabrum (Calde),,fb.com/ecoadeia,Europe,Portugal,
567,Portugal_ecovillages,40.321867,-7.612967,PT,Manteigas,Portugal,Tir Na Si,,fb.com/Tir-na-Sí,Europe,Portugal,
568,Portugal_ecovillages,37.135663,-8.451723,PT,Lagoa,Portugal,Laozi House,,laozihouse.org,Europe,Portugal,
569,Portugal_ecovillages,40.137963,-7.501077,PT,Fundão,Portugal,Fundão,,mountofoaks.org,Europe,Portugal,
570,Portugal_ecovillages,40.320654,-7.615107,PT,Manteigas,Portugal,Quinta das Moitas,,quintadasmoitas.com,Europe,Portugal,
571,Portugal_ecovillages,37.31657,-8.799264,PT,Aljezur,Portugal,Shambala - Aljezur,,uniteawake.com,Europe,Portugal,
572,Portugal_ecovillages,37.137919,-8.020216,PT,Loulé,Portugal,Naturalmente Retreat Cnetre- Loulé,,,Europe,Portugal,
573,Portugal_ecovillages,37.715551,-8.663502,PT,Cercal,Portugal,A quinta - São Luís,,,Europe,Portugal,
574,Portugal_ecovillages,39.908356,-7.337264,PT,Idanha-a-Nova,Portugal,Adagatiya Project- Eco Comunidade,,,Europe,Portugal,
575,Portugal_ecovillages,37.235932,-8.601222,PT,Mexilhoeira Grande,Portugal,Awakeland Portugal,,,Europe,Portugal,
576,Portugal_ecovillages,40.231745,-7.94579,PT,Arganil,Portugal,Awakened Life Project,,,Europe,Portugal,
577,Portugal_ecovillages,37.717275,-8.662822,PT,Cercal,Portugal,Azula,,,Europe,Portugal,
578,Portugal_ecovillages,38.539404,-8.940489,PT,Quinta do Anjo,Portugal,Biovilla Sustentabilidade,,,Europe,Portugal,
579,Portugal_ecovillages,41.150387,-8.594836,PT,Porto,Portugal,Casa Bô,,,Europe,Portugal,
580,Portugal_ecovillages,39.414618,-7.454066,PT,Castelo de Vide,Portugal,Casa Fluxus,,,Europe,Portugal,
581,Portugal_ecovillages,37.137473,-8.682355,PT,Lagos,Portugal,Cristaland,,,Europe,Portugal,
582,Portugal_ecovillages,41.552567,-7.921201,PT,Cabeceiras de Basto,Portugal,Ecoaldea Vegetariana Espiral,,,Europe,Portugal,
583,Portugal_ecovillages,38.822855,-9.434862,PT,Colares,Portugal,Ecoaldeia de Janas,,,Europe,Portugal,
584,Portugal_ecovillages,38.552722,-8.932952,PT,Quinta do Anjo,Portugal,Espaço SerVivo,,,Europe,Portugal,
585,Portugal_ecovillages,40.118167,-7.316315,PT,Penamacor,Portugal,Keela Yoga Farm,,,Europe,Portugal,
586,Portugal_ecovillages,9.9621,-84.496654,CR,Desamparados,Costa Rica,La Ecovilla,,,Europe,Portugal,
587,Portugal_ecovillages,40.614033,-7.844066,PT,Rio de Loba,Portugal,Moinhos Do Dão - Eco Quinta,,,Europe,Portugal,
588,Portugal_ecovillages,38.015304,-7.862731,PT,Beja,Portugal,Monte da Vida - Beja,,,Europe,Portugal,
589,Portugal_ecovillages,37.594377,-8.641201,PT,Odemira,Portugal,Monte Sahaja / Mooji's Ashrma - Odemira,,,Europe,Portugal,
590,Portugal_ecovillages,39.856267,-8.460304,PT,Ansião,Portugal,O Fojo Permaculture | Integral Education Center,,,Europe,Portugal,
591,Portugal_ecovillages,37.597231,-8.636685,PT,Odemira,Portugal,Oermalab - Odemira,,,Europe,Portugal,
592,Portugal_ecovillages,38.197451,-8.56264,PT,Grândola,Portugal,Pachamama - Alcácer Do Sal,,,Europe,Portugal,
593,Portugal_ecovillages,37.102788,-8.673028,PT,Lagos,Portugal,Paradise Island Retreat Center - Lagos,,,Europe,Portugal,
594,Portugal_ecovillages,40.762231,-8.475844,PT,Branca,Portugal,Quinta das Relvas,,,Europe,Portugal,
595,Portugal_ecovillages,40.218499,-8.053791,PT,Arganil,Portugal,Quinto do Vale- Arganil,,,Europe,Portugal,
596,Portugal_ecovillages,40.5765,-7.448994,PT,Celorico da Beira,Portugal,"Rainbow Lodge, Monte Calvo",,,Europe,Portugal,
597,Portugal_ecovillages,39.924752,-7.24159,PT,Idanha-a-Nova,Portugal,Spirala Ecological Village,,,Europe,Portugal,
598,Portugal_ecovillages,40.203314,-8.410257,PT,Coimbra,Portugal,The Happy Tribe,,,Europe,Portugal,
599,Portugal_ecovillages,37.317988,-8.556171,PT,Monchique,Portugal,Toca do Coelho - Monchique,,,Europe,Portugal,
600,Portugal_ecovillages,37.596408,-8.641991,PT,Odemira,Portugal,Vale Bacias - Odemira,,,Europe,Portugal,
601,Portugal_ecovillages,37.140741,-8.86161,PT,Vila do Bispo,Portugal,Vegan Hills,,,Europe,Portugal,
602,Portugal_ecovillages,39.412896,-9.513123,PT,Peniche,Portugal,Berlengas,,,Europe,Portugal,
133,Conscious_communities,56.7861112,-4.1140518,GB,Newtonmore,United Kingdom,Finhorn,,,EUROPE,Scotland,
245,Conscious_communities,57.6591141,-3.6107041,GB,Kinloss,United Kingdom,Findhorn,,,,Scotland,
516,Conscious_communities,38.706391,1.433527,ES,Sant Francesc de Formentera,Spain,Formentera,,,EUROPE,Spain,
139,Conscious_communities,39.94918695,4.0529515568716175,ES,Es Migjorn Gran,Spain,Menorca,,,EUROPE,Spain,
140,Conscious_communities,39.613432,2.8829026938823548,ES,Sencelles,Spain,Mallorca,,,EUROPE,Spain,
143,Conscious_communities,27.74350835,-18.038179618209902,ES,Frontera,Spain,El hierro,,,EUROPE,Spain,
199,Conscious_communities,39.3260685,-4.8379791,ES,Villarta de los Montes,Spain,Bande/Río Caldo,,free natural hotsprings for camperstoelichting,,Spain,
248,Conscious_communities,49.123317,24.7299495,UA,Halych,Ukraine,Galic,,,,Spain,
359,Conscious_communities,38.9067339,1.4205983,ES,Ibiza,Spain,Ibiza-stad,,"North, Mercadillo Las Dalias area",EUROPE,Spain,
399,One_specific_location_camping_center,28.1033035,-17.2193578,ES,Alajeró,Spain,La Gomera,,,EUROPE,Spain,
491,Conscious_communities,28.400377,-14.00487,ES,Antigua,Spain,Fuerteventura,,Surfen en smaragdgroen water Eiland,EUROPE,Spain,
523,Conscious_communities,39.569582,2.650074,ES,Palma,Spain,La Palma,,,,Spanje,Murcia
488,Conscious_communities,28.115981,-17.318794,ES,Vallehermosa,Spain,Valle Gran Rey,,,EUROPE,Spanje,Santa Cruz de Tenerife
490,Conscious_communities,28.286399,-16.796012,ES,Santiago del Teide,Spain,Canarische Eilanden,,,,Spanje,
505,Conscious_communities,36.72103,-2.193233,ES,San José,Spain,Cabo de Gata,,Cabo de gata in Andalucia Pitaescuela.Sorbas Timbe,,Spanje,Almería
506,Conscious_communities,36.900494,-3.423876,ES,Órjiva,Spain,Órgiva,,,,Spanje,Granada
526,Conscious_communities,40.000677,3.835597,ES,Ciutadella,Spain,Ciutadella de Menorca,,,,Spanje,Balearen
536,Conscious_communities,42.61946,-7.863112,ES,Taboada,Spain,Galicië,,,EUROPE,Spanje,
275,Conscious_communities,5.9493634,80.4558128,LK,Weligama,Sri Lanka,Mirissa,,,,Sri Lanka,
71,Conscious_communities,9.734950300000001,100.0305710845208,TH,Ko Pha Ngan,Thailand,Koh Phangan,,"yoga, vegan community, beautiful tropical weather year round, untouched beaches, self-dev workshops, ecstatic dance",ASIA,Thailand,
265,Conscious_communities,100.921822,9.983953617562140,SJ,Longyearbyen,Svalbard and Jan Mayen,Ko Tao for diving,,,,Thailand,
365,Conscious_communities,19.3582191,98.4404863,TH,Pai,Thailand,Pai,,"beautiful mountains, hot springs, yoga, live music, hippie community.",ASIA,Thailand,
376,Conscious_communities,9.7513418,99.9817202,TH,Ko Pha Ngan,Thailand,SRI THANU,,,,Thailand,
563,Conscious_communities,9.905138,126.051189,PH,San Isidro,Philippines,Siargao,,,ASIA,The Philippines,
148,Conscious_communities,39.672853,26.7637243,TR,Altınoluk,Turkey,Kaz Daglari,,,EUROPE,Turkey,
149,Conscious_communities,40.086,22.3585,GR,Vrontoú,Greece,Olympos,,,EUROPE,Turkey,
513,Conscious_communities,36.4112312,30.4705477,TR,Tekirova,Turkey,Cirali,,,EUROPE,Turkey,Kemer/Antalya
521,Conscious_communities,39.26022,32.021126,TR,Yenimehmetli,Turkey,Kabak,,,EUROPE,Turkije,Seben/Bolu
348,Conscious_communities,50.82253,-0.137163,GB,Brighton,United Kingdom,Brighton,,,EUROPE,U.K.,
406,One_specific_location_camping_center,50.433741,-3.685797,GB,Stoke Gabriel,United Kingdom,Totnes,,,EUROPE,U.K.,
546,One_specific_location_camping_center,51.14804,-2.716577,GB,Wells,United Kingdom,Glastonbury,,,EUROPE,U.K.,
547,Conscious_communities,51.341447,-1.144678,GB,Sherborne St John,United Kingdom,Tadley,,,EUROPE,U.K.,Hampshire
551,Conscious_communities,52.214003,-4.360321,GB,New Quay,United Kingdom,New Quay,,,EUROPE,U.K.,
445,Conscious_communities,-23.880765,148.062341,AU,Emerald,Australia,La Juanita,,,SOUTH AMERICA,Uruguay,Faro José Ignacio_ Maldonado
454,Conscious_communities,-34.402852,-53.782501,UY,Castillos,Uruguay,Cabo Polonio,,when I was there in 2013_ no electricity_ no cars,SOUTH AMERICA,Uruguay,
31,Conscious_communities,35.6009498,-82.5540161,US,Asheville,United States,"Asheville, NC",,electronic and new age scene,NORTH AMERICA,USA,
168,Conscious_communities,37.2769484,-107.8766,US,Durango,United States,"Durango, CO",,,NORTH AMERICA,USA,
225,Conscious_communities,40.0149856,-105.270545,US,Boulder,United States,"Boulder, CO",,,,USA,
515,Conscious_communities,38.478414,-82.637939,US,Ashland,United States,Ashland,,Oregon,NORTH AMERICA,USA,
41,Conscious_communities,47.420875949999996,-122.47370525466893,US,Vashon,United States,Vashon Island,,in Washington state. a 15 minute ferry ride from Seattle. A real artist and activist community.,NORTH AMERICA,USA,
42,Conscious_communities,44.7816915,-121.9764106,US,Mill City,United States,"Breitenbush Hot Springs, OR",,intentional community that runs a public Hot Springs/retreat center.you can stay as a longterm visitor/volunteer/worker on the community side,NORTH AMERICA,USA,
160,Conscious_communities,33.7497366,-117.76858968767132,US,North Tustin,United States,"Sedona, CA",,,NORTH AMERICA,USA,
164,Conscious_communities,40.866517,-124.08284,US,Arcata,United States,"Arcata, CA",,,NORTH AMERICA,USA,
165,Conscious_communities,34.0897,-118.6029649,US,Topanga,United States,"Topanga, CA",,,NORTH AMERICA,USA,
167,Conscious_communities,37.995443,-105.6991929,US,Westcliffe,United States,"Crestone, Colorado",,,NORTH AMERICA,USA,
170,Conscious_communities,37.7274692,-89.216655,US,Carbondale,United States,"Carbondale, CO",,,NORTH AMERICA,USA,
182,Conscious_communities,33.2579507,-115.462841,US,Niland,United States,Slab City,,", California (more wild & free than conscious, but worth mention)toelichting",,USA,
279,Conscious_communities,45.3735129,-121.695878,US,Mount Hood Village,United States,"Mt Hood, Oregon",,,,USA,
303,Conscious_communities,39.7837304,-100.445882,US,Oberlin,United States,"Puna Pahoa, Big island Hawaii",,,,USA,
397,One_specific_location_camping_center,19.8967662,-155.5827818,US,Waimea,United States,Hawaï,,,,USA,
522,Conscious_communities,39.261561,-121.016059,US,Nevada City,United States,Nevada City,,,NORTH AMERICA,USA,Californië
548,Conscious_communities,51.453802,-2.597298,GB,Bristol,United Kingdom,Bristol,,,,Verenigd Koninkrijk,
549,Conscious_communities,51.859126,-4.311591,GB,Carmarthen,United Kingdom,Carmarthen,,Wales,,Verenigd Koninkrijk,
485,Conscious_communities,21.394833,-157.729891,US,Kailua,United States,Kailua,,,,Verenigde Staten,Hawaï
504,Conscious_communities,36.407238,-105.573285,US,Taos,United States,Taos,,Hummingbird community,NORTH AMERICA,Verenigde Staten,Taos_ New Mexico (Hummingbird community)
527,Conscious_communities,40.014986,-105.270545,US,Boulder,United States,Boulder,,,,Verenigde Staten,Colorado
539,Conscious_communities,44.050505,-123.095051,US,Eugene,United States,Eugene,,Eugene eco community- Oregon good feedback,,Verenigde Staten,Oregon
499,Conscious_communities,34.342782,-112.100631,US,Cordes Lakes,United States,Arcosanti,,Arizona,,Verenigde Staten,Arizona
500,Conscious_communities,34.44805,-119.242889,US,Ojai,United States,Ojai,,meh...,,Verenigde Staten,Californië
501,Conscious_communities,34.86796,-111.761716,US,Sedona,United States,Sedona,,,,Verenigde Staten,Arizona
532,Conscious_communities,40.646766,-73.157059,US,Setauket-East Setauket,United States,Ocean Beach,,,,Verenigde Staten,San Diego_ Californië
533,Conscious_communities,41.40919,-122.194953,US,Mount Shasta,United States,Mount Shasta,,,,Verenigde Staten,Californië
535,Conscious_communities,42.439604,-76.496802,US,Northeast Ithaca,United States,Ithaca,,,,Verenigde Staten,New York
538,Conscious_communities,43.97928,-120.737257,US,Prineville,United States,Oregon,,Breitenbush Hot Springs~ intentional community that runs a public Hot Springs/retreat center... (you can stay as a long-term visitor/volunteer/worker on the community side),,Verenigde Staten,
386,One_specific_location_camping_center,-26.7818209,152.7168632,AU,Maleny,Australia,Crystal Waters Eco Village,,,,Australia,
544,Conscious_communities,49.303961,-123.156683,CA,West End,Canada,Third Beach,,not a community to live in,,Canada,
407,One_specific_location_camping_center,55.673412,12.5964061,DK,Christianshavn,Denmark,Vrijstad Christiania,,,,Danmark,
15,Alternatives_to_kpg,-16.4462964,-152.2542742,PF,Vaitape,French Polynesia,Maupiti,,,,France,
381,One_specific_location_camping_center,42.7635254,11.1123634,IT,Grosseto,Italy,Asha Community,,https://www.facebook.com/ASHAITALY/about,,Italia,
18,Alternatives_to_kpg,20.5071703,-86.9446237,MX,Cozumel,Mexico,San Miguel de Cozumel,,,,México,
375,Conscious_communities,52.4889466,5.4942672,NL,Lelystad,Netherlands,Sidhadorp,,,,Nederland,
415,Festivals,53.2165157,5.886514,NL,Tytsjerk,Netherlands,Psy-Fi / De Groene Ster,,,,Nederland,
405,One_specific_location_camping_center,-6.4824784,-76.3726891,PE,Tarapoto,Peru,Tarapoto,,,,Perú,
385,One_specific_location_camping_center,51.517083,0.578411,GB,Canvey Island,United Kingdom,Canvey Island,,,,United Kingdom,
1,Alternatives_to_kpg,9.5268343,99.6842603,TH,Don Sak,Thailand,Ko Phaluai,,"Koh Paluai in Ang Thong group, but even withouth the hippies and very few foreigners 🙂. Via donsak old town piers, and only alternate days. Solar power only so wifi and electric severely limited 😁😁😁",,,
2,Alternatives_to_kpg,9.0926343,98.2951581,TH,Khura Buri,Thailand,Ko Phra Thong,,"Very basic not touristic at all. Unspoiled beaches where you are alone. No scooter rental, aircon, 7/11, airport, ferry nor yoga studios. You get all the beach feeling you want.",,,
3,Alternatives_to_kpg,11.1999448,123.7405967,PH,Sillon,Philippines,Bantayan,,,,,
4,Alternatives_to_kpg,1.1367041,104.4257533,ID,Bandar Seri Bentan,Indonesia,Bintan,,,,,
5,Alternatives_to_kpg,15.9721198,-86.475644,HN,Nueva Armenia,Honduras,Cayos Cochinos,,,,,
6,Alternatives_to_kpg,16.4533691,-85.8844404,HN,Savannah Bight,Honduras,Guanaja,,,,,
7,Alternatives_to_kpg,34.8346879,24.084637,GR,Kastrí,Greece,Kastri,,,,,
8,Alternatives_to_kpg,22.0964396,-159.5261238,US,Princeville,United States,Kauai,,,,,
9,Alternatives_to_kpg,12.0479159,102.3234816,TH,Ko Chang Tai,Thailand,Ko Chang,,,,,
10,Alternatives_to_kpg,11.6680759,102.5642261,TH,Ko Kut,Thailand,Ko Kut,,,,,
11,Alternatives_to_kpg,9.7368141,98.4019754,TH,Kapoe,Thailand,Ko Phayam,,,,,
13,Alternatives_to_kpg,10.7290832,103.2317225,KH,Mittakpheap,Cambodia,Koh Rong,,,,,
17,Alternatives_to_kpg,9.4462305,118.3929417,PH,Plaridel,Philippines,Palawan,,,,,
19,Alternatives_to_kpg,-9.6993439,119.9740534,ID,Rambangaru,Indonesia,Soemba,,,,,
20,Alternatives_to_kpg,43.0602104,16.1828781,HR,Vis,Croatia,Vis,,,,,
238,Conscious_communities,10.2735633,-84.0739102,CR,La Virgen,Costa Rica,Costa Rica,,,,,
340,Conscious_communities,32.095838,34.952177,IL,Rosh Ha‘Ayin,Israel,Baderech 108,,https://www.facebook.com/baderech108/,,,
341,Conscious_communities,9.28517,-83.777863,CR,San Isidro,Costa Rica,Florestral,,https://www.florestral.org/,,,
342,Conscious_communities,14.6906713,-91.2025207,GT,Santiago Atitlán,Guatemala,Meer van Atitlán,,https://www.reisjunk.nl/guatemala/lake-atitlan/,,,
343,Conscious_communities,14.7239015,-91.2590198,GT,San Marcos La Laguna,Guatemala,San Marcos La Laguna,,https://www.youtube.com/watch?v=ri2f4Vg_DwU,,,
346,Conscious_communities,6.8379771,81.8251687,LK,Wattegama,Sri Lanka,Arugam Bay,,,,,
350,Conscious_communities,-8.6478175,115.1385192,ID,Seminyak town,Indonesia,Canggu,,,,,
352,Conscious_communities,18.7883439,98.9853008,TH,Chiang Mai,Thailand,Chiang Mai,,,,,
358,Conscious_communities,6.1394676,80.1062861,LK,Hikkaduwa,Sri Lanka,Hikkaduwa,,,,,
361,Conscious_communities,27.7172453,85.3239605,NP,Kathmandu,Nepal,Kathmandu,,,,,
366,Conscious_communities,32.4728028,34.9742001,IL,Hadera,Israel,Pardes Hanna-Karkur,,,,,
369,Conscious_communities,7.432407,-80.1955268,PA,Cañas,Panama,Playa Venao,,,,,
377,Conscious_communities,36.0143209,-5.6044497,ES,Tarifa,Spain,Tarifa,,,,,
379,Conscious_communities,-8.5068536,115.2624778,ID,Ubud,Indonesia,Ubud,,,,,
380,Conscious_communities,-12.5958826,-41.4974246,BR,Seabra,Brazil,Vale do Capão,,"Palmeiras, Chapada Diamantina, Bahia.",,,
383,One_specific_location_camping_center,59.6012139,13.7004975,SE,Molkom,Sweden,Ängsbacka Course & Festival Center,,,,,
388,One_specific_location_camping_center,47.4790491,7.6170412,CH,Dornach,Switzerland,Dornach,,,,,
389,One_specific_location_camping_center,35.5198647,-82.203256,US,Lake Lure,United States,Earthaven Ecovillage,,,,,
390,One_specific_location_camping_center,42.441713,-76.5420994,US,Northwest Ithaca,United States,Ecovillage At Ithaca Inc,,,,,
391,One_specific_location_camping_center,45.4174773,7.7477771,IT,Baldissero Canavese,Italy,"Damanhur, Federatie van ",,,,,
392,One_specific_location_camping_center,8.7812248,-83.2111258,CR,Golfito,Costa Rica,Finca Bellavista,,,,,
393,One_specific_location_camping_center,57.65199,-3.5920868,GB,Kinloss,United Kingdom,Findhorn Foundation,,,,,
394,One_specific_location_camping_center,38.904177,23.055011,GR,Aidipsós,Greece,Free and Real,,,,,
396,One_specific_location_camping_center,37.2202482,-6.5152587,ES,Almonte,Spain,Global Tribe Biodynamic Ecovillage,,,,,
398,One_specific_location_camping_center,43.252288,11.130646,IT,Radicondoli,Italy,Istituto Osho Miasto,,,,,
400,One_specific_location_camping_center,38.1128515,-8.528624,PT,Grândola,Portugal,Mama-Adama,,,,,
401,One_specific_location_camping_center,46.1584,8.76314,CH,Ascona,Switzerland,Monte Verità,,,,,
403,One_specific_location_camping_center,39.1479685,25.948056,GR,Eresós,Greece,OSHO Afroz Meditation Center,,,,,
404,One_specific_location_camping_center,6.7319696,79.9654564,LK,Panadura,Sri Lanka,Sarvodaya Institute of Higher Learning,,,,,
409,One_specific_location_camping_center,41.7453958,13.6366557,IT,Pescosolido,Italy,Yoga Farm Italy,,,,,
411,Festivals,40.7886448,-119.2030177,US,Lovelock,United States,Black Rock City,,,,,
413,Festivals,53.3059197,12.750133,DE,Rechlin,Germany,Fusion Festival,,,,,
414,Festivals,46.7525477,18.3908146,HU,Ozora,Hungary,Ozora,,,,,
435,Conscious_communities,-14.214168,-38.997791,BR,Itacaré,Brazil,Casa dos Anjos - Ecovila Piracanga,,,,,
436,Conscious_communities,-14.214498,-38.994711,BR,Itacaré,Brazil,Ecovila Piracanga,,,,,
458,Conscious_communities,-6.22898,-35.04901,BR,Arês,Brazil,Pipa Beach,,,,,
460,Conscious_communities,10.034637,-85.708621,CR,Sámara,Costa Rica,PachaMama Eco Village Retreat Center,,,,,
470,Conscious_communities,14.72645,-91.265581,GT,San Marcos La Laguna,Guatemala,Eagle's Nest Atitlán,,,,,
518,Conscious_communities,39.028297,1.557856,ES,Santa Eulària des Riu,Spain,Las Dalias de Ibiza,,,,,
529,Conscious_communities,40.240453,-7.45298,PT,Covilhã,Portugal,Ferro,,,,,
537,Conscious_communities,43.173981,16.556472,HR,Stari Grad,Croatia,Hvar,,,,,
550,Conscious_communities,52.140562,12.586587,DE,Bad Belzig,Germany,Bad Belzig,,Center for Experimental Cultural Design,,,
603,Shortlist,-11.6384466,-77.2164443,PE,Chancay,Peru,Eco Truly Park,,,,,
605,Shortlist,52.6894,11.1434201,DE,Beetzendorf,Germany,Ökodorf Sieben Linden,,,,,
608,Shortlist,37.718615,-8.5206002,PT,Odemira,Portugal,Tamera ,,,,,